abi	ABI
aggregate-initialization	集成体初期化
algebraic-data-type	代数的データ型
aliasing	エイリアシング
amortized-analysis	償却計算量
applicative	Applicative
arbitrary-precision	多倍長整数
arena-allocator	アリーナアロケータ
argument-dependent-lookup	ADL
arithmetic-sequence	範囲表記
array	配列
as-pattern	asパターン
assertion	アサーション
associated-type	関連型
associativity	結合性
async-await	async/await
atomic	アトミック操作
attribute	属性
backpressure	バックプレッシャー
backtracking	バックトラック
balanced-tree	平衡二分木
base-case	基底ケース
benchmark	ベンチマーク
binary-search	二分探索
binary-search-tree	二分探索木
binding	束縛
binding-mode	束縛モード
bipartite-matching	二部マッチング
bit-field	ビットフィールド
bit-operation	ビット演算
bit-precise-integer	_BitInt
bitmask	ビットマスク
bitmask-dp	ビットDP
bloom-filter	Bloom filter
boolean-algebra	ブール代数
borrow	借用
bottom	ボトム
boundary	境界条件
breadth-first-search	幅優先探索
buffer-overflow	バッファ溢れ
buffering	バッファリング
cache	キャッシュ
cache-locality	キャッシュ局所性
call-stack	コールスタック
capacity	容量
capture	キャプチャ
case-mapping	大文字小文字変換
channel	チャネル
character-encoding	文字コード
check-digit	チェックディジット
checked-arithmetic	検査付き演算
checksum	チェックサム
church-encoding	Church符号化
closure	クロージャ
combinatorics	組み合わせ論
command-injection	コマンドインジェクション
command-line-argument	コマンドライン引数
comparison	比較
compound-literal	複合リテラル
compression	圧縮
computational-geometry	計算幾何
concept	コンセプト
concurrency	並行処理
condition-variable	条件変数
conditional-operator	三項演算子
consistent-hashing	コンシステントハッシュ
const-correctness	const正当性
const-generic	constジェネリクス
constexpr	コンパイル時計算
constructor	コンストラクタ
continuation-passing-style	継続渡しスタイル
continue-break	breakとcontinue
control-flow	制御の流れ
convex-hull	凸包
copy-assignment	コピー代入
copy-elision	コピー省略
coroutine	コルーチン
counting-sort	計数ソート
crdt	CRDT
cross-product	外積
cross-site-scripting	XSS
crtp	CRTP
cryptography	暗号
csv	CSV
currying	カリー化
cycle-detection	循環検出
dangling-pointer	ダングリング参照
data-race	データ競合
database-index	インデックス
date-time	日付と時刻
de-bruijn-index	De Bruijnインデックス
deadlock	デッドロック
deduplication	重複除去
deep-copy	深いコピー
default	デフォルト値
default-argument	デフォルト引数
default-argument-promotion	既定の実引数拡張
depth-first-search	深さ優先探索
deref-coercion	Deref型強制
deriving	自動導出
design-by-contract	契約による設計
designated-initializer	指示付き初期化子
destructor	デストラクタ
difference-list	差分リスト
digit-dp	桁DP
divide-and-conquer	分割統治
division	除算と剰余
do-notation	do記法
doubling	ダブリング
drop-scope	dropスコープ
dyn-compatibility	dyn互換性
dynamic-dispatch	動的ディスパッチ
dynamic-programming	動的計画法
dynamically-sized-type	動的サイズ型
edit-distance	編集距離
edition	エディション
encapsulation	カプセル化
end-of-file	EOF
endianness	エンディアン
entry-api	Entry API
enum	列挙型
errno	errno
error-handling	エラー処理
evaluation-order	評価順序
event-sourcing	イベントソーシング
exception	例外
exception-safety	例外安全性
exhaustiveness	網羅性
exponentiation-by-squaring	繰り返し二乗法
expression	式と値
factory	ファクトリ
false-sharing	偽共有
fenwick-tree	Fenwick木
file-system	ファイルシステム
finite-automaton	有限オートマトン
fixed-point	固定小数点数
fixed-point-combinator	不動点コンビネータ
flexible-array-member	フレキシブル配列メンバ
floating-point	浮動小数点数
fn-trait	Fnトレイト
fold	畳み込み
fold-expression	畳み込み式
foreign-function-interface	FFI
format-string	書式指定
forwarding-reference	転送参照
function-composition	関数合成
function-parameter	関数の引数
function-pointer	関数ポインタ
functor	Functor
fuzzing	ファジング
garbage-collection	ガベージコレクション
generator	ジェネレータ
generic-programming	ジェネリクス
generic-selection	_Generic
graph	グラフ
gray-code	グレイコード
greatest-common-divisor	最大公約数
greedy-algorithm	貪欲法
grundy-number	Grundy数
guard	ガード
half-open-interval	半開区間
hash-function	ハッシュ関数
hash-table	ハッシュ表
heap	ヒープ
higher-order	高階関数
higher-ranked-trait-bound	高階トレイト境界
hyperloglog	HyperLogLog
idempotency	冪等性
immutability	不変性
imos	いもす法
impl-trait	impl Trait
implementation-defined-behavior	処理系定義の動作
implicit-conversion	暗黙の型変換
inclusion-exclusion	包除原理
incomplete-type	不完全型
increment-decrement	インクリメント
infinite-list	無限リスト
infinite-loop	無限ループ
inheritance	継承
init-statement	初期化文
initialization-order	初期化順序
inline-function	インライン関数
insertion-sort	挿入ソート
integer-arithmetic	整数の演算
integer-literal	整数リテラル
integer-overflow	整数オーバーフロー
integer-promotion	整数昇格
interior-mutability	内部可変性
interpreter	インタプリタ
interval-dp	区間DP
invariant	不変条件
io	IOアクション
ioref	IORef
irrefutable-pattern	反駁不能パターン
isolation-level	分離レベル
iterator	イテレータ
iterator-invalidation	イテレータ無効化
keyset-pagination	カーソル方式
knapsack-problem	ナップサック問題
lambda	ラムダ式
lambda-calculus	ラムダ計算
layout-rule	レイアウト規則
laziness	遅延評価
lazy-deletion	遅延削除
lazy-initialization	遅延初期化
lazy-io	遅延IO
leap-year	閏年
let-chain	letチェーン
lexical-analysis	字句解析
lifetime	寿命
lifetime-elision	ライフタイム省略
line-ending	改行コード
linkage	リンケージ
linked-list	連結リスト
list	リスト
list-comprehension	リスト内包表記
list-initialization	リスト初期化
list-monad	リストモナド
locale	ロケール
longest-increasing-subsequence	最長増加部分列
loop	ループ
lowest-common-ancestor	最小共通祖先
lru-cache	LRUキャッシュ
macro	マクロ
maximal-munch	最長一致
maximum-flow	最大流
maybe	Maybe型
meet-in-the-middle	半分全列挙
memoization	メモ化
memory-management	メモリ管理
memory-order	メモリ順序
merge	マージ
merge-sort	マージソート
merkle-tree	Merkle木
method-resolution	メソッド解決
minimum-spanning-tree	最小全域木
modular-arithmetic	合同算術
module	モジュール
monad	モナド
monoid	Monoid
monomorphism-restriction	単相性制限
monotonic-clock	単調増加時計
monotonic-stack	単調スタック
most-vexing-parse	最も厄介な構文解析
move-semantics	ムーブ
multidimensional-array	多次元配列
multiple-inheritance	多重継承
mutability	可変性
mutation-testing	ミューテーションテスト
mutex	ミューテックス
n-plus-one-query	N+1クエリ
name-lookup	名前探索
namespace	名前空間
narrowing-conversion	縮小変換
never-type	never型
newtype	newtype
niche-optimization	ニッチ最適化
non-lexical-lifetime	NLL
null-pointer	ヌルポインタ
null-terminated-string	ヌル終端文字列
number-theory	整数論
numerical-analysis	数値計算
object-slicing	スライシング
occurs-check	出現検査
off-by-one	オフバイワン
one-definition-rule	ODR
operator-overload	演算子の多重定義
operator-precedence	演算子の優先順位
optimistic-locking	楽観的ロック
optional	optional型
ordered-map	順序付きマップ
orphan-rule	孤児ルール
overload-resolution	オーバーロード解決
ownership	所有権
padding	パディング
pagination	ページング
panic	パニック
parametric-polymorphism	パラメトリック多相
parsing	構文解析
partial-application	部分適用
partial-function	部分関数
pass-by-value	値渡し
path-traversal	パストラバーサル
pattern-guard	パターンガード
pattern-matching	パターンマッチ
performance	計算量と速度
permutation	順列
persistent-data-structure	永続データ構造
point-free	ポイントフリー
pointer	ポインタ
pointer-decay	配列のポインタ化
precise-capturing	精密な捕捉
prefix-sum	累積和
prepared-statement	プリペアドステートメント
preprocessor	プリプロセッサ
primality-test	素数判定
prime-factorization	素因数分解
priority-queue	優先度付きキュー
process-creation	プロセス生成
profiling	プロファイリング
program-termination	プログラムの終了
property-based-testing	プロパティベーステスト
question-mark-operator	?演算子
queue	キュー
quicksort	クイックソート
quine	Quine
race-condition	競合状態
radix-sort	基数ソート
raii	RAII
random-number-generator	乱数生成器
range-adaptor	レンジアダプタ
range-for	範囲for
rate-limiting	流量制限
rational-number	有理数
reborrow	再借用
record-syntax	レコード構文
recursion	再帰
reentrancy	再入可能性
reference	参照
reference-counting	参照カウント
referential-transparency	参照透過性
regular-expression	正規表現
resource-management	資源の後始末
restrict	restrict
retry	再試行
ring-buffer	リングバッファ
rolling-hash	ローリングハッシュ
rounding	丸め
rvalue-reference	右辺値参照
sampling	サンプリング
satisfiability	充足可能性問題
section	セクション記法
segment-tree	セグメント木
selection-algorithm	選択アルゴリズム
semaphore	セマフォ
send-sync	SendとSync
sentinel	番兵値
set	集合
shadowing	シャドーイング
short-circuit	短絡評価
shortest-path	最短経路
side-effect	副作用
sieve-of-eratosthenes	エラトステネスの篩
signal	シグナル
signed-unsigned	符号あり・なし
simd	SIMD
skip-list	スキップリスト
slice	スライス
slice-pattern	スライスパターン
sliding-window	スライディングウィンドウ
smart-pointer	スマートポインタ
sorting	ソート
space-leak	スペースリーク
span	std::span
sparse-table	スパーステーブル
sql-injection	SQLインジェクション
sqrt-decomposition	平方分割
ssa-form	SSA形式
stability	安定性
stack	スタック
state-machine	状態機械
static-dispatch	静的ディスパッチ
static-storage	静的記憶域
stdio	標準入出力
storage-duration	記憶域期間
strict-aliasing	厳密な別名規則
strict-weak-ordering	狭義の弱順序
strictness	正格性
string	文字列
string-escaping	文字列のエスケープ
string-search	文字列検索
strongly-connected-component	強連結成分
struct	構造体
structured-binding	構造化束縛
subset-enumeration	部分集合の列挙
swap	値の交換
switch	switch文
symbolic-link	シンボリックリンク
tail-call	末尾呼び出し
template	テンプレート
temporary	一時オブジェクト
ternary-search	三分探索
testing	テスト
thread	スレッド
thread-safety	スレッド安全性
three-way-comparison	三方比較
thunk	サンク
time-zone	タイムゾーン
timeout	タイムアウト
timing-attack	タイミング攻撃
toctou	TOCTOU
topological-sort	トポロジカルソート
trait	トレイト
trait-bound	トレイト境界
trait-object	トレイトオブジェクト
trait-upcasting	トレイトのアップキャスト
trampoline	トランポリン
transaction	トランザクション
tree	木構造
trie	トライ木
two-pointer-technique	しゃくとり法
twos-complement	2の補数
tying-the-knot	結び目を作る
type-conversion	型変換
type-deduction	型推論
type-defaulting	デフォルティング
type-erasure	型消去
type-punning	型の読み替え
typeclass	型クラス
typeclass-law	型クラスの法則
undefined-behavior	未定義動作
unicode	Unicode
unification	単一化
unimodal-function	単峰関数
union	共用体
union-find	Union-Find
unix-time	Unix時間
unsafe	unsafe
use-after-free	解放後の使用
user-defined-literal	ユーザー定義リテラル
utf-8	UTF-8
vacuous-truth	空虚な真
value-category	値カテゴリ
variable-length-array	可変長配列
variadic-function	可変長引数関数
variadic-template	可変長テンプレート
variance	変性
variant	variant型
vector	std::vector
vector-bool	vector<bool>
vector-clock	ベクトル時計
virtual-function	仮想関数
virtual-inheritance	仮想継承
virtual-machine	仮想機械
weak-head-normal-form	弱頭部正規形
write-ahead-log	WAL
z-algorithm	Z-algorithm
zero-sized-type	ゼロサイズ型
zigzag-encoding	ジグザグ符号化
zipper	Zipper
